{
  "fmlloader-1.20.1-47.4.10.jar (modloader)": {
    "jarName": "fmlloader-1.20.1-47.4.10.jar (modloader)",
    "modId": "forge",
    "version": "fmlloader-1.20.1-47.4.10.jar"
  },
  "accessories-neoforge-1.0.0-beta.48+1.20.1.jar": {
    "jarName": "accessories-neoforge-1.0.0-beta.48+1.20.1.jar",
    "modId": "accessories",
    "version": "1.0.0-beta48+1.20.1",
    "curseForgeHash": 326780004,
    "modrinthHash": "22d8aed468ce41b78389b801cec1cd33faa5edb5"
  },
  "accessories_cclayer-7.4.0-beta.18+1.20.1.jar": {
    "jarName": "accessories_cclayer-7.4.0-beta.18+1.20.1.jar",
    "modId": "curios",
    "version": "7.4.0+1.20.1",
    "curseForgeHash": 125351109,
    "modrinthHash": "088227dc6195733eec20445e61b7a25fdaf263dd"
  },
  "amendments-1.20-2.2.3.jar": {
    "jarName": "amendments-1.20-2.2.3.jar",
    "modId": "amendments",
    "version": "1.20-2.2.3",
    "curseForgeHash": 4226975037,
    "modrinthHash": "70f46de146e959d6abb4346a0ac7dfb04475d239"
  },
  "appleskin-forge-mc1.20.1-2.5.1.jar": {
    "jarName": "appleskin-forge-mc1.20.1-2.5.1.jar",
    "modId": "appleskin",
    "version": "2.5.1+mc1.20.1",
    "curseForgeHash": 1671637789,
    "modrinthHash": "81919356f84eab14258db98924b66c3c38e372b1"
  },
  "architectury-9.2.14-forge.jar": {
    "jarName": "architectury-9.2.14-forge.jar",
    "modId": "architectury",
    "version": "9.2.14",
    "curseForgeHash": 98480002,
    "modrinthHash": "a52918a500ff421180a1cbd1a0cabee712134ec4"
  },
  "athena-forge-1.20.1-3.1.2.jar": {
    "jarName": "athena-forge-1.20.1-3.1.2.jar",
    "modId": "athena",
    "version": "3.1.2",
    "curseForgeHash": 3211401917,
    "modrinthHash": "2acee24454af859988a691f0506271a465f68f7b"
  },
  "avaritia_delight-0.3.1.jar": {
    "jarName": "avaritia_delight-0.3.1.jar",
    "modId": "avaritia_delight",
    "version": "0.3.1",
    "curseForgeHash": 1287866939,
    "modrinthHash": "a32e90b5d879df021fa833cb328ccc5d3e533c22"
  },
  "avaritialite-forge-1.20.1-1.10.2.jar": {
    "jarName": "avaritialite-forge-1.20.1-1.10.2.jar",
    "modId": "avaritia",
    "version": "1.10.2",
    "curseForgeHash": 1370081714,
    "modrinthHash": "7adf617c3d0a60eb578f616b03277eae3fd32c88"
  },
  "avaritialiteextended-forge-1.20.1-1.0.1.jar": {
    "jarName": "avaritialiteextended-forge-1.20.1-1.0.1.jar",
    "modId": "avaritialiteextended",
    "version": "1.0.1",
    "curseForgeHash": 1574168030,
    "modrinthHash": "f31fe37acdb327e655a3fb463146d9b0ee10019f"
  },
  "balm-forge-1.20.1-7.3.37-all.jar": {
    "jarName": "balm-forge-1.20.1-7.3.37-all.jar",
    "modId": "balm",
    "version": "7.3.37",
    "curseForgeHash": 3384992026,
    "modrinthHash": "bb7af11fd4bc2e76fce98f90c752279ae381b934"
  },
  "BiomesOPlenty-1.20.1-18.0.0.592.jar": {
    "jarName": "BiomesOPlenty-1.20.1-18.0.0.592.jar",
    "modId": "biomesoplenty",
    "version": "18.0.0.592",
    "curseForgeHash": 1202155165,
    "modrinthHash": "15072eb39c35a3f845d4bb04690d4b7f1808a980"
  },
  "Bookshelf-Forge-1.20.1-20.2.13.jar": {
    "jarName": "Bookshelf-Forge-1.20.1-20.2.13.jar",
    "modId": "bookshelf",
    "version": "20.2.13",
    "curseForgeHash": 2325681367,
    "modrinthHash": "c53d9eb5ce9e8ef0f2ea9b11e478d84ce958c3e5"
  },
  "caelus-forge-3.2.0+1.20.1.jar": {
    "jarName": "caelus-forge-3.2.0+1.20.1.jar",
    "modId": "caelus",
    "version": "3.2.0+1.20.1",
    "curseForgeHash": 2212904341,
    "modrinthHash": "fa834f140bf7dce7b67c29b46cb531f4309d3209"
  },
  "carryon-forge-1.20.1-2.1.2.7.jar": {
    "jarName": "carryon-forge-1.20.1-2.1.2.7.jar",
    "modId": "carryon",
    "version": "2.1.2.7",
    "curseForgeHash": 1899432453,
    "modrinthHash": "9999714ca3dd2f2401f0396ca44f3b27c3784c4f"
  },
  "chat_heads-0.14.2-forge-1.20.jar": {
    "jarName": "chat_heads-0.14.2-forge-1.20.jar",
    "modId": "chat_heads",
    "version": "0.14.2",
    "curseForgeHash": 1586719138,
    "modrinthHash": "0410ab9636c69324e3671012af64c7743f6d6079"
  },
  "chipped-forge-1.20.1-3.0.7.jar": {
    "jarName": "chipped-forge-1.20.1-3.0.7.jar",
    "modId": "chipped",
    "version": "3.0.7",
    "curseForgeHash": 3175573632,
    "modrinthHash": "25ee2a0846059d8f21d28b94b7e0229b60cb5499"
  },
  "cloth-config-11.1.136-forge.jar": {
    "jarName": "cloth-config-11.1.136-forge.jar",
    "modId": "cloth_config",
    "version": "11.1.136",
    "curseForgeHash": 635589968,
    "modrinthHash": "c65d07748acc57ceb45d53b3964368b84f34d54f"
  },
  "Clumps-forge-1.20.1-12.0.0.4.jar": {
    "jarName": "Clumps-forge-1.20.1-12.0.0.4.jar",
    "modId": "clumps",
    "version": "12.0.0.4",
    "curseForgeHash": 1243520454,
    "modrinthHash": "97cc669f68dbe812cb77cc3631339334fc28b877"
  },
  "collective-1.20.1-8.13.jar": {
    "jarName": "collective-1.20.1-8.13.jar",
    "modId": "collective",
    "version": "8.13",
    "curseForgeHash": 1813952632,
    "modrinthHash": "74b917dd99cd97b2f0480628a1b56958f5e0f5ad"
  },
  "comforts-forge-6.4.0+1.20.1.jar": {
    "jarName": "comforts-forge-6.4.0+1.20.1.jar",
    "modId": "comforts",
    "version": "6.4.0+1.20.1",
    "curseForgeHash": 940613798,
    "modrinthHash": "e7b9fe89566bb1ee013e33745f22f309f679536e"
  },
  "configured-forge-1.20.1-2.2.3.jar": {
    "jarName": "configured-forge-1.20.1-2.2.3.jar",
    "modId": "configured",
    "version": "2.2.3",
    "curseForgeHash": 3251861014,
    "modrinthHash": "065c2d287a52f52fc8d33d780192325ee6f4b6ae"
  },
  "Controlling-forge-1.20.1-12.0.2.jar": {
    "jarName": "Controlling-forge-1.20.1-12.0.2.jar",
    "modId": "controlling",
    "version": "12.0.2",
    "curseForgeHash": 2144346557,
    "modrinthHash": "f6d3cdd3ec68c5590cf5b2e89c38dbf031824bfd"
  },
  "corpse-forge-1.20.1-1.0.23.jar": {
    "jarName": "corpse-forge-1.20.1-1.0.23.jar",
    "modId": "corpse",
    "version": "1.20.1-1.0.23",
    "curseForgeHash": 4282386808,
    "modrinthHash": "843b16ca88bc5c390bb22a2a84437e6bffdd43dd"
  },
  "cosmeticarmorreworked-1.20.1-v1a.jar": {
    "jarName": "cosmeticarmorreworked-1.20.1-v1a.jar",
    "modId": "cosmeticarmorreworked",
    "version": "1.20.1-v1a",
    "curseForgeHash": 3614955629,
    "modrinthHash": "afd9fa3fe95e8c086e8d439df403ed1e5ea5cbea"
  },
  "CrashAssistant-forge-1.19-1.20.1-1.10.25.jar": {
    "jarName": "CrashAssistant-forge-1.19-1.20.1-1.10.25.jar",
    "modId": "crash_assistant",
    "version": "1.10.25",
    "curseForgeHash": 3610290716,
    "modrinthHash": "b7d7dc4f2468376494ba7333c3bda2f893764742"
  },
  "create-1.20.1-6.0.8.jar": {
    "jarName": "create-1.20.1-6.0.8.jar",
    "modId": "create",
    "version": "6.0.8",
    "curseForgeHash": 2156032012,
    "modrinthHash": "b13d912b9247a38d66d11598c121442585a1c1e9"
  },
  "createbetterfps-1.20.1-1.1.1.jar": {
    "jarName": "createbetterfps-1.20.1-1.1.1.jar",
    "modId": "createbetterfps",
    "version": "1.1.1",
    "curseForgeHash": 2702646585,
    "modrinthHash": "519f436f67c316db546cbab54a03fdbfd17fe9f1"
  },
  "curios-forge-5.14.1+1.20.1.jar": {
    "jarName": "curios-forge-5.14.1+1.20.1.jar",
    "modId": "curios",
    "version": "5.14.1+1.20.1",
    "curseForgeHash": 1288931317,
    "modrinthHash": "452175b95ad3db6ff58bb8968f6bf7a9d1e0f480"
  },
  "Cyclic-1.20.1-1.13.6.jar": {
    "jarName": "Cyclic-1.20.1-1.13.6.jar",
    "modId": "cyclic",
    "version": "1.13.6",
    "curseForgeHash": 1921639291,
    "modrinthHash": "e1069785a0914062754a3aafc906cd774176fe57"
  },
  "distraction_free_recipes-forge-1.2.1-1.20.1.jar": {
    "jarName": "distraction_free_recipes-forge-1.2.1-1.20.1.jar",
    "modId": "distraction_free_recipes",
    "version": "1.2.1",
    "curseForgeHash": 900164350,
    "modrinthHash": "8cb739a7b1707d535b29a01e8b7d45e31d2874c0"
  },
  "dummmmmmy-1.20-2.0.9.jar": {
    "jarName": "dummmmmmy-1.20-2.0.9.jar",
    "modId": "dummmmmmy",
    "version": "1.20-2.0.9",
    "curseForgeHash": 375369757,
    "modrinthHash": "782d16edca6fa22fb72fa825cec39117bbb7e78a"
  },
  "dynamic-fps-3.9.5+minecraft-1.20.0-forge.jar": {
    "jarName": "dynamic-fps-3.9.5+minecraft-1.20.0-forge.jar",
    "modId": "dynamic_fps",
    "version": "3.9.5",
    "curseForgeHash": 3122710066,
    "modrinthHash": "a034d1752abd84dc188852dac1ef87fb8ab2247a"
  },
  "dynamiclights-v1.9-mc1.17-1.21.5-mod.jar": {
    "jarName": "dynamiclights-v1.9-mc1.17-1.21.5-mod.jar",
    "modId": "dynamiclights",
    "version": "1.9+mod",
    "curseForgeHash": 3243121928,
    "modrinthHash": "b90e19d06788a0c2bc8551b7e0e7dd49e67b3b16"
  },
  "easy-piglins-forge-1.20.1-1.0.13.jar": {
    "jarName": "easy-piglins-forge-1.20.1-1.0.13.jar",
    "modId": "easy_piglins",
    "version": "1.20.1-1.0.13",
    "curseForgeHash": 4012676366,
    "modrinthHash": "35e017ab5bcb89f209ece3dfe7c31df503a628f7"
  },
  "easy-villagers-forge-1.20.1-1.1.23.jar": {
    "jarName": "easy-villagers-forge-1.20.1-1.1.23.jar",
    "modId": "easy_villagers",
    "version": "1.20.1-1.1.23",
    "curseForgeHash": 3352033021,
    "modrinthHash": "97690e4039eb71258892edde8b2da8661dffbf5c"
  },
  "easyelytratakeoff-1.20.1-4.5.jar": {
    "jarName": "easyelytratakeoff-1.20.1-4.5.jar",
    "modId": "easyelytratakeoff",
    "version": "4.5",
    "curseForgeHash": 1922688505,
    "modrinthHash": "644c0938d450a15f94982602c857a989ee1c8363"
  },
  "elytraslot-forge-6.4.4+1.20.1.jar": {
    "jarName": "elytraslot-forge-6.4.4+1.20.1.jar",
    "modId": "elytraslot",
    "version": "6.4.4+1.20.1",
    "curseForgeHash": 834094712,
    "modrinthHash": "f11443ef3371fa790eb33cba1a517638a3afcb07"
  },
  "elytratrims-forge-3.9.3+1.20.1.jar": {
    "jarName": "elytratrims-forge-3.9.3+1.20.1.jar",
    "modId": "elytratrims",
    "version": "3.9.3",
    "curseForgeHash": 1376864858,
    "modrinthHash": "b5c08f27ab121f1df24ca1f1086650f2db673cf3"
  },
  "embeddium-0.3.31+mc1.20.1.jar": {
    "jarName": "embeddium-0.3.31+mc1.20.1.jar",
    "modId": "embeddium",
    "version": "0.3.31+mc1.20.1",
    "curseForgeHash": 4281946638,
    "modrinthHash": "bb2fa8f3e493af16af9160d049f96c614a1faf2f"
  },
  "emi-1.1.22+1.20.1+forge.jar": {
    "jarName": "emi-1.1.22+1.20.1+forge.jar",
    "modId": "emi",
    "version": "1.1.22+1.20.1+forge",
    "curseForgeHash": 104637065,
    "modrinthHash": "d8049d6ec86befcd100a0ff0fc8ebc289f735997"
  },
  "emi_create_schematics-1.0.4.jar": {
    "jarName": "emi_create_schematics-1.0.4.jar",
    "modId": "emi_create_schematics",
    "version": "1.0.4",
    "curseForgeHash": 2797851674,
    "modrinthHash": "32f35fb96c7a715b6c19d6f732cfc48245a3dcb9"
  },
  "emi_enchanting-0.1.2+1.20.1+forge.jar": {
    "jarName": "emi_enchanting-0.1.2+1.20.1+forge.jar",
    "modId": "emi_enchanting",
    "version": "0.1.2+1.20.1+forge",
    "curseForgeHash": 1279207525,
    "modrinthHash": "0374c5c3eb4dd361f89388cda84744dc70ae638d"
  },
  "emi_loot-0.7.8+1.20.1-fix1+forge.jar": {
    "jarName": "emi_loot-0.7.8+1.20.1-fix1+forge.jar",
    "modId": "emi_loot",
    "version": "0.7.8+1.20.1-fix1+forge",
    "curseForgeHash": 3853115913,
    "modrinthHash": "9df02cff0f37498510ae90f007dae4fb8a4ea7c1"
  },
  "emi_ores-1.2+1.20.1+forge.jar": {
    "jarName": "emi_ores-1.2+1.20.1+forge.jar",
    "modId": "emi_ores",
    "version": "1.2+1.20.1+forge",
    "curseForgeHash": 1182642266,
    "modrinthHash": "c821f26e4a00c14fb453bfdb7628aec59fd2acf1"
  },
  "emiffect-forge-1.1.2+mc1.20.1.jar": {
    "jarName": "emiffect-forge-1.1.2+mc1.20.1.jar",
    "modId": "emiffect",
    "version": "1.1.2+mc1.20.1",
    "curseForgeHash": 2060908275,
    "modrinthHash": "cb87cd6b12e3a9cc5bbb979406d310fe50cd92a6"
  },
  "emitrades-forge-1.2.1+mc1.20.1.jar": {
    "jarName": "emitrades-forge-1.2.1+mc1.20.1.jar",
    "modId": "emitrades",
    "version": "1.2.1+mc1.20.1",
    "curseForgeHash": 53908515,
    "modrinthHash": "ea86eceb04978bc366fe022bbab5dd5ea0bd3ab4"
  },
  "EnchantmentDescriptions-Forge-1.20.1-17.1.19.jar": {
    "jarName": "EnchantmentDescriptions-Forge-1.20.1-17.1.19.jar",
    "modId": "enchdesc",
    "version": "17.1.19",
    "curseForgeHash": 2854068985,
    "modrinthHash": "7cb8e1242d058c9800e1f3f886930647de7f44e1"
  },
  "Enderite-2.0.0+1.20.1-Forge.jar": {
    "jarName": "Enderite-2.0.0+1.20.1-Forge.jar",
    "modId": "lolenderite",
    "version": "2.0.0 - 1.20.1",
    "curseForgeHash": 2483741102,
    "modrinthHash": "5d03defff90fb3854f1507860d07f1e2e87ea6ee"
  },
  "entity_texture_features_1.20.1-forge-7.0.6.jar": {
    "jarName": "entity_texture_features_1.20.1-forge-7.0.6.jar",
    "modId": "entity_texture_features",
    "version": "7.0.6",
    "curseForgeHash": 2274694007,
    "modrinthHash": "756a6ed1a8ef46ae664d8a1fdaf50c9a7b4030fa"
  },
  "entityculling-forge-1.9.3-mc1.20.1.jar": {
    "jarName": "entityculling-forge-1.9.3-mc1.20.1.jar",
    "modId": "entityculling",
    "version": "1.9.3",
    "curseForgeHash": 3716324915,
    "modrinthHash": "8faea4818faab6b870ee370b52434b016542b519"
  },
  "Essential_1-3-10-3_forge_1-20-1.jar": {
    "jarName": "Essential_1-3-10-3_forge_1-20-1.jar",
    "modId": "essential-container",
    "curseForgeHash": 1902133538,
    "modrinthHash": "86fdea37860db9806c72494dc5c9c92d6808d626"
  },
  "ExplorersCompass-1.20.1-1.3.3-forge.jar": {
    "jarName": "ExplorersCompass-1.20.1-1.3.3-forge.jar",
    "modId": "explorerscompass",
    "version": "1.20.1-1.3.3-forge",
    "curseForgeHash": 2164055151,
    "modrinthHash": "4c327f26a44ab8d80d73961ff12700d120c4610c"
  },
  "FarmersDelight-1.20.1-1.2.9.jar": {
    "jarName": "FarmersDelight-1.20.1-1.2.9.jar",
    "modId": "farmersdelight",
    "version": "1.20.1-1.2.9",
    "curseForgeHash": 4034486801,
    "modrinthHash": "ca9417c369e75d38dacdac59937223e5f6adcc18"
  },
  "flib-1.20.1-0.0.15.jar": {
    "jarName": "flib-1.20.1-0.0.15.jar",
    "modId": "flib",
    "version": "0.0.15",
    "curseForgeHash": 331502093,
    "modrinthHash": "39a45a151ca3843d03f25a5a038139a63a858489"
  },
  "ftb-essentials-forge-2001.2.3.jar": {
    "jarName": "ftb-essentials-forge-2001.2.3.jar",
    "modId": "ftbessentials",
    "version": "2001.2.3",
    "curseForgeHash": 1973516826,
    "modrinthHash": "460ec092156d6b457bd91dc463ac1ee49e22442d"
  },
  "ftb-library-forge-2001.2.12.jar": {
    "jarName": "ftb-library-forge-2001.2.12.jar",
    "modId": "ftblibrary",
    "version": "2001.2.12",
    "curseForgeHash": 3807919150,
    "modrinthHash": "7f36ec4af42ad1d69872c58022e93a9d1b9c82b7"
  },
  "ftb-quests-forge-2001.4.17.jar": {
    "jarName": "ftb-quests-forge-2001.4.17.jar",
    "modId": "ftbquests",
    "version": "2001.4.17",
    "curseForgeHash": 1887235832,
    "modrinthHash": "f7e4fec8991ce2b036ed4628e01fb48446a25ec7"
  },
  "ftb-ranks-forge-2001.1.7.jar": {
    "jarName": "ftb-ranks-forge-2001.1.7.jar",
    "modId": "ftbranks",
    "version": "2001.1.7",
    "curseForgeHash": 1064675696,
    "modrinthHash": "1ef101b4c5991cc239d9b56a95500e3b404228f7"
  },
  "ftb-teams-forge-2001.3.1.jar": {
    "jarName": "ftb-teams-forge-2001.3.1.jar",
    "modId": "ftbteams",
    "version": "2001.3.1",
    "curseForgeHash": 1240744296,
    "modrinthHash": "c2af94e0b86631cb75daa8de2377ff72527651ca"
  },
  "fusion-1.2.11a-forge-mc1.20.1.jar": {
    "jarName": "fusion-1.2.11a-forge-mc1.20.1.jar",
    "modId": "fusion",
    "version": "1.2.11+a",
    "curseForgeHash": 3813388807,
    "modrinthHash": "d356430ff9fe588998f4b85eb3a6b5b0e57e2b85"
  },
  "fzzy_config-0.7.3+1.20.1+forge.jar": {
    "jarName": "fzzy_config-0.7.3+1.20.1+forge.jar",
    "modId": "fzzy_config",
    "version": "0.7.3+1.20.1+forge",
    "curseForgeHash": 1527896699,
    "modrinthHash": "e771e543e930bd7c733f803bdbc0d3f2ecfb46c4"
  },
  "GildedArmour-1.3.0-1.20.1-Forge.jar": {
    "jarName": "GildedArmour-1.3.0-1.20.1-Forge.jar",
    "modId": "lolgilded",
    "version": "1.3.0 - 1.20.1",
    "curseForgeHash": 1413993185,
    "modrinthHash": "ece339b2cacac50f46442484963bad12d36ab19f"
  },
  "item-filters-forge-2001.1.0-build.59.jar": {
    "jarName": "item-filters-forge-2001.1.0-build.59.jar",
    "modId": "itemfilters",
    "version": "2001.1.0-build.59",
    "curseForgeHash": 3667785910,
    "modrinthHash": "55a7f032c59489eca96069a7841601de2ff97590"
  },
  "Jade-1.20.1-Forge-11.13.2.jar": {
    "jarName": "Jade-1.20.1-Forge-11.13.2.jar",
    "modId": "jade",
    "version": "11.13.2+forge",
    "curseForgeHash": 305733389,
    "modrinthHash": "1997e5fe2db3a0575ca79bfe4720019f01fd2b8c"
  },
  "jei-1.20.1-forge-15.20.0.112.jar": {
    "jarName": "jei-1.20.1-forge-15.20.0.112.jar",
    "modId": "jei",
    "version": "15.20.0.112",
    "curseForgeHash": 3362609034,
    "modrinthHash": "f12b3781af6337794ae6e010420a97585360ea2f"
  },
  "JustEnoughProfessions-forge-1.20.1-3.0.1.jar": {
    "jarName": "JustEnoughProfessions-forge-1.20.1-3.0.1.jar",
    "modId": "justenoughprofessions",
    "version": "3.0.1",
    "curseForgeHash": 105446657,
    "modrinthHash": "19dc0c1f9f0a97fae7037f271651300b6850fb92"
  },
  "JustEnoughResources-1.20.1-1.4.0.247.jar": {
    "jarName": "JustEnoughResources-1.20.1-1.4.0.247.jar",
    "modId": "jeresources",
    "version": "1.4.0.247",
    "curseForgeHash": 3560569568,
    "modrinthHash": "2747c58f439c37a01139d35cab59ca1a54114009"
  },
  "kjsprojecte-1.20.1-1.0.jar": {
    "jarName": "kjsprojecte-1.20.1-1.0.jar",
    "modId": "kubejsprojecte",
    "version": "1.0",
    "curseForgeHash": 3701286243,
    "modrinthHash": "c1745dc84b78d251dee16c24d3f7399c6a329ae3"
  },
  "kotlinforforge-4.12.0-all.jar": {
    "jarName": "kotlinforforge-4.12.0-all.jar",
    "curseForgeHash": 2392977662,
    "modrinthHash": "962fdb760409d6d71cbf079235f1ca94e3863a22"
  },
  "kubejs-create-forge-2001.3.0-build.8.jar": {
    "jarName": "kubejs-create-forge-2001.3.0-build.8.jar",
    "modId": "kubejs_create",
    "version": "2001.3.0-build.8",
    "curseForgeHash": 1559520977,
    "modrinthHash": "cbeb6643d1cea979a7e01c87cfb08b9210a1c393"
  },
  "kubejs-forge-2001.6.5-build.16.jar": {
    "jarName": "kubejs-forge-2001.6.5-build.16.jar",
    "modId": "kubejs",
    "version": "2001.6.5-build.16",
    "curseForgeHash": 2938549854,
    "modrinthHash": "93fcf0eacc5dc08a4f719eaaed1dc93f0dc80f66"
  },
  "kubejs_curios_forge_1.20.1-1.0.4.jar": {
    "jarName": "kubejs_curios_forge_1.20.1-1.0.4.jar",
    "modId": "kubejs_curios",
    "version": "1.0.4",
    "curseForgeHash": 1220990195,
    "modrinthHash": "e09eb503cfb62fec1264321dc605cbcace5a58c9"
  },
  "kubejsdelight-1.1.2.jar": {
    "jarName": "kubejsdelight-1.1.2.jar",
    "modId": "kubejsdelight",
    "version": "1.1.2",
    "curseForgeHash": 698470428,
    "modrinthHash": "198fb6534973e04c353287de7234df557834ddc8"
  },
  "lootjs-forge-1.20.1-2.13.0.jar": {
    "jarName": "lootjs-forge-1.20.1-2.13.0.jar",
    "modId": "lootjs",
    "version": "1.20.1-2.13.0",
    "curseForgeHash": 4083554858,
    "modrinthHash": "fdf90acf177c19bcbfaa08527f6568bd3e6e622e"
  },
  "Maced-Forge-1.20.1-24w13a-2.0.0.jar": {
    "jarName": "Maced-Forge-1.20.1-24w13a-2.0.0.jar",
    "modId": "maced",
    "version": "2.0.0",
    "curseForgeHash": 2678854800,
    "modrinthHash": "a26bca62d431b06b3f3b3aced9ecaf1bd36eca50"
  },
  "moonlight-1.20-2.16.16-forge.jar": {
    "jarName": "moonlight-1.20-2.16.16-forge.jar",
    "modId": "moonlight",
    "version": "1.20-2.16.16",
    "curseForgeHash": 949178631,
    "modrinthHash": "f1ad21bce5a4b96a1152d6cf83cfb27684fc4b6a"
  },
  "MoreChestVariants-1.5.6+1.20.2-Forge.jar": {
    "jarName": "MoreChestVariants-1.5.6+1.20.2-Forge.jar",
    "modId": "lolmcv",
    "version": "1.5.6",
    "curseForgeHash": 2662338792,
    "modrinthHash": "368913a2d64b34e1d56ee2eacf9f4736b9b03212"
  },
  "MoreHorseArmour-2.0.0-1.20.1-Forge.jar": {
    "jarName": "MoreHorseArmour-2.0.0-1.20.1-Forge.jar",
    "modId": "lolmha",
    "version": "2.0.0 - 1.20.1",
    "curseForgeHash": 3084109014,
    "modrinthHash": "05dbbda84f810aaed0e0f8b9f4915f3c8d739476"
  },
  "MouseTweaks-forge-mc1.20.1-2.25.1.jar": {
    "jarName": "MouseTweaks-forge-mc1.20.1-2.25.1.jar",
    "modId": "mousetweaks",
    "version": "2.25.1",
    "curseForgeHash": 3001740257,
    "modrinthHash": "d751153e722a4e014691c83f39f5b07c6ec5333c"
  },
  "NaturesCompass-1.20.1-1.11.2-forge.jar": {
    "jarName": "NaturesCompass-1.20.1-1.11.2-forge.jar",
    "modId": "naturescompass",
    "version": "1.20.1-1.11.2-forge",
    "curseForgeHash": 3701495044,
    "modrinthHash": "31ae930cdbb34e8e05e1954cfb2fee3a3813e850"
  },
  "notenoughcrashes-4.4.9+1.20.1-forge.jar": {
    "jarName": "notenoughcrashes-4.4.9+1.20.1-forge.jar",
    "modId": "notenoughcrashes",
    "version": "4.4.9+1.20.1",
    "curseForgeHash": 2424392975,
    "modrinthHash": "5d786730c1aee28751d480d497ce893cdff0bb87"
  },
  "obsidian_infused_enderite_armor-1.0.0-forge-1.20.1.jar": {
    "jarName": "obsidian_infused_enderite_armor-1.0.0-forge-1.20.1.jar",
    "modId": "obsidian_infused_enderite_armor",
    "version": "1.0.0",
    "curseForgeHash": 2833005217,
    "modrinthHash": "03b77bc8df55534276110e102f20d86151ac359a"
  },
  "oculus-mc1.20.1-1.8.0.jar": {
    "jarName": "oculus-mc1.20.1-1.8.0.jar",
    "modId": "oculus",
    "version": "1.8.0",
    "curseForgeHash": 516527841,
    "modrinthHash": "984f774e71790deaec674c7587bd24e0711871b2"
  },
  "ponderjs-1.20.1-2.1.0.jar": {
    "jarName": "ponderjs-1.20.1-2.1.0.jar",
    "modId": "ponderjs",
    "version": "2.1.0",
    "curseForgeHash": 546835709,
    "modrinthHash": "a661c5dc6cf28815154e71e066a9e8b13a9fc0c1"
  },
  "probejs-6.0.1-forge.jar": {
    "jarName": "probejs-6.0.1-forge.jar",
    "modId": "probejs",
    "version": "6.0.1",
    "curseForgeHash": 1763477494,
    "modrinthHash": "5380211b1c2891f454a136545721526b184d8513"
  },
  "ProjectE-1.20.1-PE1.0.1.jar": {
    "jarName": "ProjectE-1.20.1-PE1.0.1.jar",
    "modId": "projecte",
    "version": "1.0.1",
    "curseForgeHash": 3647866981,
    "modrinthHash": "affd130b8a77e60dd7d7f7f3621d0182d82d13e1"
  },
  "Quad-1.2.9+1.20.4-Forge.jar": {
    "jarName": "Quad-1.2.9+1.20.4-Forge.jar",
    "modId": "quad",
    "version": "1.2.9",
    "curseForgeHash": 2023417604,
    "modrinthHash": "fc8f553f3d64dac3c4e410c2cd82b0e4c83b5d2d"
  },
  "Re-Avaritia-forge-1.20.1-1.3.9.4-fix3-release.jar": {
    "jarName": "Re-Avaritia-forge-1.20.1-1.3.9.4-fix3-release.jar",
    "modId": "avaritia",
    "version": "1.3.9.4",
    "curseForgeHash": 511713992,
    "modrinthHash": "55021e9a3f098d18987f86252dce97284b1290a4"
  },
  "resourcefullib-forge-1.20.1-2.1.29.jar": {
    "jarName": "resourcefullib-forge-1.20.1-2.1.29.jar",
    "modId": "resourcefullib",
    "version": "2.1.29",
    "curseForgeHash": 4227743239,
    "modrinthHash": "6fc590a7c56a720fec57e290cbb0a106efbb3ffa"
  },
  "rhino-forge-2001.2.3-build.10.jar": {
    "jarName": "rhino-forge-2001.2.3-build.10.jar",
    "modId": "rhino",
    "version": "2001.2.3-build.10",
    "curseForgeHash": 1432081092,
    "modrinthHash": "c83c9b719a6bab33fbd2b3f2f680eb3adbfc1aa1"
  },
  "Searchables-forge-1.20.1-1.0.3.jar": {
    "jarName": "Searchables-forge-1.20.1-1.0.3.jar",
    "modId": "searchables",
    "version": "1.0.3",
    "curseForgeHash": 3171281796,
    "modrinthHash": "ed5a23ec30c90fd06b3f1d8140614028e1fafaee"
  },
  "sliceanddice-forge-3.6.0.jar": {
    "jarName": "sliceanddice-forge-3.6.0.jar",
    "modId": "sliceanddice",
    "version": "3.6.0",
    "curseForgeHash": 1655686120,
    "modrinthHash": "a4e47dbf4382ebe092b6c2cb71919e412b456d84"
  },
  "sound-physics-remastered-forge-1.20.1-1.5.1.jar": {
    "jarName": "sound-physics-remastered-forge-1.20.1-1.5.1.jar",
    "modId": "sound_physics_remastered",
    "version": "1.20.1-1.5.1",
    "curseForgeHash": 3096934868,
    "modrinthHash": "aef2c02392624f0a12475ada809366b12ac9ec52"
  },
  "spark-1.10.53-forge.jar": {
    "jarName": "spark-1.10.53-forge.jar",
    "modId": "spark",
    "version": "1.10.53",
    "curseForgeHash": 1515254383,
    "modrinthHash": "231fb325368c0660954f47bfb03493f5246fa4d1"
  },
  "supplementaries-1.20-3.1.41.jar": {
    "jarName": "supplementaries-1.20-3.1.41.jar",
    "modId": "supplementaries",
    "version": "1.20-3.1.41",
    "curseForgeHash": 1016895938,
    "modrinthHash": "9ab9dd5ffed81cbb547facf2849920af99bf96c3"
  },
  "TerraBlender-forge-1.20.1-3.0.1.10.jar": {
    "jarName": "TerraBlender-forge-1.20.1-3.0.1.10.jar",
    "modId": "terrablender",
    "version": "3.0.1.10",
    "curseForgeHash": 921691151,
    "modrinthHash": "3bd99fb59e8b06b04e78b5153790c1e08b2be5dc"
  },
  "trading_floor-forge-1.20.1-2.0.5.jar": {
    "jarName": "trading_floor-forge-1.20.1-2.0.5.jar",
    "modId": "trading_floor",
    "version": "2.0.5",
    "curseForgeHash": 1195395991,
    "modrinthHash": "073fe2c4b902975332190f16160ec418494f641a"
  },
  "travelersbackpack-forge-1.20.1-9.1.46.jar": {
    "jarName": "travelersbackpack-forge-1.20.1-9.1.46.jar",
    "modId": "travelersbackpack",
    "version": "9.1.46",
    "curseForgeHash": 2859857437,
    "modrinthHash": "a5b2c2fdedb39d071c6bfc150ed7b32aadff4e58"
  },
  "travelerscompass-forge-1.20.1-4.0.01.jar": {
    "jarName": "travelerscompass-forge-1.20.1-4.0.01.jar",
    "modId": "travelerscompass",
    "version": "4.0.01",
    "curseForgeHash": 3204978679,
    "modrinthHash": "8d0abb3e6c95ac0cfc84c769eb3142b5c98145f8"
  },
  "TreeChop-1.20.1-forge-0.19.0-fixed.jar": {
    "jarName": "TreeChop-1.20.1-forge-0.19.0-fixed.jar",
    "modId": "treechop",
    "version": "0.19.0",
    "curseForgeHash": 1372756668,
    "modrinthHash": "ac5a20b5a2fd9ed7d6e9a0c033f53307947e5f3f"
  },
  "txnilib-forge-1.0.24-1.20.1.jar": {
    "jarName": "txnilib-forge-1.0.24-1.20.1.jar",
    "modId": "txnilib",
    "version": "1.0.24",
    "curseForgeHash": 1205222699,
    "modrinthHash": "a1e16b7d61f0f16a162d429ee1eab9b4e3eeb9ef"
  },
  "veinmining-forge-1.5.0+1.20.1.jar": {
    "jarName": "veinmining-forge-1.5.0+1.20.1.jar",
    "modId": "veinmining",
    "version": "1.5.0+1.20.1",
    "curseForgeHash": 3012256641,
    "modrinthHash": "e484d2f2556bb638c4c3da5e5542eae70035f98a"
  },
  "waystones-forge-1.20.1-14.1.17.jar": {
    "jarName": "waystones-forge-1.20.1-14.1.17.jar",
    "modId": "waystones",
    "version": "14.1.17",
    "curseForgeHash": 2179640189,
    "modrinthHash": "0572e124fa1af248b5b978d7c615fb31629103e5"
  },
  "Xaeros_Minimap_25.2.10_Forge_1.20.jar": {
    "jarName": "Xaeros_Minimap_25.2.10_Forge_1.20.jar",
    "modId": "xaerominimap",
    "version": "25.2.10",
    "curseForgeHash": 916576203,
    "modrinthHash": "1f23df114da3a8603dbe4781c07e8acf20f6d1ce"
  },
  "XaerosWorldMap_1.39.12_Forge_1.20.jar": {
    "jarName": "XaerosWorldMap_1.39.12_Forge_1.20.jar",
    "modId": "xaeroworldmap",
    "version": "1.39.12",
    "curseForgeHash": 3696490833,
    "modrinthHash": "3c4005a400ba8270738bbe4c573526749ecf2f8f"
  }
}